<?xml version="1.0" encoding="UTF-8"?>
<project-private xmlns="http://www.netbeans.org/ns/project-private/1">
    <editor-bookmarks xmlns="http://www.netbeans.org/ns/editor-bookmarks/2" lastBookmarkId="0"/>
    <open-files xmlns="http://www.netbeans.org/ns/projectui-open-files/2">
        <group>
            <file>file:/C:/Users/jonam/OneDrive/Escritorio/OneDrive%20-%20Universidad%20del%20Valle%20de%20Guatemala/Escritorio/7mo%20SEMESTRE/Digital%202/LAB04/Lab4_M.X/LCD.c</file>
            <file>file:/C:/Users/jonam/OneDrive/Escritorio/OneDrive%20-%20Universidad%20del%20Valle%20de%20Guatemala/Escritorio/7mo%20SEMESTRE/Digital%202/LAB04/Lab4_M.X/I2C.h</file>
            <file>file:/C:/Users/jonam/OneDrive/Escritorio/OneDrive%20-%20Universidad%20del%20Valle%20de%20Guatemala/Escritorio/7mo%20SEMESTRE/Digital%202/LAB04/Lab4_M.X/mainM.c</file>
            <file>file:/C:/Users/jonam/OneDrive/Escritorio/OneDrive%20-%20Universidad%20del%20Valle%20de%20Guatemala/Escritorio/7mo%20SEMESTRE/Digital%202/LAB04/Lab4_M.X/LCD.h</file>
        </group>
    </open-files>
</project-private>
